Title,Price
Secador Dyson,200€
Sécadór de péló Dyson,190€
Sécadór de péló Dyson,210€
Sécadór de péló Dyson,200€
Sécadór de péló Dyson,220€
Secador Dyson,250€
Sécadór de péló Dyson,210€
Secador Dyson Nuevo,230€
Secador iónico tipo Dyson,30€
Sécadór de péló Dyson,200€
Dyson Sécadór de péló HD08,190€
Dyson HD03 secador de pelo,180€
dyson®_Sécadór de,180€
Secador Dyson,280€
Sécadór de péló dyson,185€
Secador de pelo Super,"59,99€"
secador de pelo,50€
Sécadór de péló Dyson,180€
dyson airwrap complete long,499€
Sécadór de péló Dyson,180€
Sécadór de péló Dy/son,200€
Dyson Airwrap Complete long Níquel/Cobre,390€
Bolsa dyson,32€
Secadór de peló dyson,180€
Dyson Airwrap Complete (Níquel/Fucsia),325€
Dyson Airwrap Complete long Níquel/Cobre,390€
Origen supersónico de Dyson,350€
Sécadór de péló Dyson,180€
secador DYSON HD01 (10 usos),180€
Nuevo secador de cabello de iones negativo Dyson,187€
El nuevo secador de cabello Dyson,190€
Sécadór de péló Dyson,180€
Sécadór de péló Dyson,200€
Nuevo secador de cabello de iones negativo Dyson,185€
SECADOR DYSON,750€
Secador de pelo nueva tecnología,52€
Sécador de péló Dyson HS03 morado,180€
Funda secador Dyson,20€
Secador de pelo GHD PINK EDITION,130€
Caja Dyson neceser y accesorios,65€
Sécadór de péló Dyson hd03,185€
Secador Dyson HD03 NUEVA,200€
Sécadór de péló Dyson,195€
Secador Dyson,280€
Sécadór de péló Dyson,195€
secadores dyson,550€
Sécadór de péló Dyson,210€
DYSON SUPERSONIC PROFESSIONAL,350€
Secador de pelo profesional como Dyson create ion studio,140€
Altavoz Dyson,25€
Bolsa para SuperSonic y Airwrap Dyson original,35€
Boquilla secador,8€
Difusor secador,8€
Secador Dyson con GARANTÍA,299€
dyson supersonic,340€
Soporte secador Dyson,25€
Secador rizador multifuncional,25€
Sécadór de péló Dyson,180€
secador de pelo dyson,140€
Secador Dyson Airwrap,460€
secador dyson supersonic hd08,240€
SOPORTE SECADOR DYSON SUPERSONIC,45€
Secador dyson,200€
Dyson Accesorios,35€
secador dyson supersonic original,275€
Shark FlexStyle secador pelo/moldeador,230€
Dyson accesorios Secador,85€
Dyson Airwrap,500€
Secador de pelo dyson,350€
Dyson HD08 secador de pelo aniónico,202€
Dyson Secador Nuevo,230€
Boquilla ancha aisadora Dyson,13€
Fucsia high end secador sin desembalar,190€
SECADOR DE PELO DYSON B2Y8493,288€
Boquilla Dyson Supersonic,15€
Difusor Dyson Supersonic,15€
secador y plancha de pelo,10€
accesorio secador dyson,18€
Accesorio secador de pelo para dyson,10€
Difusor Evo Dyson Supersonic,18€
